YEAR,RUN,TECHNOLOGY,VALUE
2015,nz-2040_hp-00,Gas boiler,1225109.6837723968
2015,nz-2040_hp-00,Oil boiler,80259.16520770479
2015,nz-2040_hp-00,Electric storage heater,45679.47402707155
2015,nz-2040_hp-00,Electric resistance heater,116655.14741163704
2015,nz-2040_hp-00,Biomass boiler,7127.688570612171
2015,nz-2040_hp-00,Heat interface unit,19275.3329639378
2015,nz-2040_hp-00,Air-source HP,53498.95677837828
2015,nz-2040_hp-00,Ground-source HP,1657.559638466787
2015,nz-2040_hp-00,H2 boiler,0.0
2015,nz-2040_hp-00,Building retrofit,0.0
2015,nz-2040_hp-01,Gas boiler,1225110.5815261386
2015,nz-2040_hp-01,Oil boiler,80259.16492997993
2015,nz-2040_hp-01,Electric storage heater,45980.28138297272
2015,nz-2040_hp-01,Electric resistance heater,108195.75963181272
2015,nz-2040_hp-01,Biomass boiler,9244.652701362185
2015,nz-2040_hp-01,Heat interface unit,25316.0473179963
2015,nz-2040_hp-01,Air-source HP,53498.95670943761
2015,nz-2040_hp-01,Ground-source HP,1657.5597804544104
2015,nz-2040_hp-01,H2 boiler,0.0
2015,nz-2040_hp-01,Building retrofit,0.0
2015,nz-2045_hp-00,Gas boiler,1225110.700152737
2015,nz-2045_hp-00,Oil boiler,80259.1654344979
2015,nz-2045_hp-00,Electric storage heater,45980.47245203857
2015,nz-2045_hp-00,Electric resistance heater,107567.9336954795
2015,nz-2045_hp-00,Biomass boiler,9724.737166034374
2015,nz-2045_hp-00,Heat interface unit,25463.481558429638
2015,nz-2045_hp-00,Air-source HP,53498.95587738567
2015,nz-2045_hp-00,Ground-source HP,1657.5597795995347
2015,nz-2045_hp-00,H2 boiler,0.0
2015,nz-2045_hp-00,Building retrofit,0.0
2015,nz-2045_hp-01,Gas boiler,1225110.7008627402
2015,nz-2045_hp-01,Oil boiler,80259.16584369933
2015,nz-2045_hp-01,Electric storage heater,45987.380490162
2015,nz-2045_hp-01,Electric resistance heater,107215.54822984785
2015,nz-2045_hp-01,Biomass boiler,9881.151536015008
2015,nz-2045_hp-01,Heat interface unit,25652.543700610062
2015,nz-2045_hp-01,Air-source HP,53498.95322444522
2015,nz-2045_hp-01,Ground-source HP,1657.5598280244044
2015,nz-2045_hp-01,H2 boiler,0.0
2015,nz-2045_hp-01,Building retrofit,0.0
2015,nz-2050_hp-00,Gas boiler,1225110.7929382604
2015,nz-2050_hp-00,Oil boiler,80259.16904746037
2015,nz-2050_hp-00,Electric storage heater,45988.53859856464
2015,nz-2050_hp-00,Electric resistance heater,107106.062120905
2015,nz-2050_hp-00,Biomass boiler,9883.199886885266
2015,nz-2050_hp-00,Heat interface unit,25758.722703895593
2015,nz-2050_hp-00,Air-source HP,53498.95369116429
2015,nz-2050_hp-00,Ground-source HP,1657.560163792353
2015,nz-2050_hp-00,H2 boiler,0.0
2015,nz-2050_hp-00,Building retrofit,0.0
2015,nz-2050_hp-01,Gas boiler,1225110.7222722708
2015,nz-2050_hp-01,Oil boiler,80259.16414348528
2015,nz-2050_hp-01,Electric storage heater,45990.6494556342
2015,nz-2050_hp-01,Electric resistance heater,107190.00504143313
2015,nz-2050_hp-01,Biomass boiler,9844.567500998715
2015,nz-2050_hp-01,Heat interface unit,25711.381487727525
2015,nz-2050_hp-01,Air-source HP,53498.955845605815
2015,nz-2050_hp-01,Ground-source HP,1657.559684776501
2015,nz-2050_hp-01,H2 boiler,0.0
2015,nz-2050_hp-01,Building retrofit,0.0
2023,nz-2040_hp-00,Gas boiler,1262046.9148435995
2023,nz-2040_hp-00,Oil boiler,84642.37350626326
2023,nz-2040_hp-00,Electric storage heater,24866.991125233195
2023,nz-2040_hp-00,Electric resistance heater,111896.71675143749
2023,nz-2040_hp-00,Biomass boiler,3365.363768350113
2023,nz-2040_hp-00,Heat interface unit,18951.673829112227
2023,nz-2040_hp-00,Air-source HP,80078.5094137316
2023,nz-2040_hp-00,Ground-source HP,1486.049658022919
2023,nz-2040_hp-00,H2 boiler,0.015782949504080494
2023,nz-2040_hp-00,Building retrofit,10630.221880684812
2023,nz-2040_hp-01,Gas boiler,1252750.5053529823
2023,nz-2040_hp-01,Oil boiler,82711.97826909102
2023,nz-2040_hp-01,Electric storage heater,27108.27044328634
2023,nz-2040_hp-01,Electric resistance heater,83843.58630703203
2023,nz-2040_hp-01,Biomass boiler,3287.4670314103837
2023,nz-2040_hp-01,Heat interface unit,56134.84075121584
2023,nz-2040_hp-01,Air-source HP,80183.83083971933
2023,nz-2040_hp-01,Ground-source HP,1486.0469574623396
2023,nz-2040_hp-01,H2 boiler,0.009188662148142283
2023,nz-2040_hp-01,Building retrofit,10458.26935950452
2023,nz-2045_hp-00,Gas boiler,1250128.233226749
2023,nz-2045_hp-00,Oil boiler,80743.97401685432
2023,nz-2045_hp-00,Electric storage heater,27048.942121609427
2023,nz-2045_hp-00,Electric resistance heater,82298.05235428948
2023,nz-2045_hp-00,Biomass boiler,3346.418312957038
2023,nz-2045_hp-00,Heat interface unit,61726.772775003206
2023,nz-2045_hp-00,Air-source HP,80600.08215955013
2023,nz-2045_hp-00,Ground-source HP,1486.0489516560913
2023,nz-2045_hp-00,H2 boiler,0.011303532148168411
2023,nz-2045_hp-00,Building retrofit,10586.273973639696
2023,nz-2045_hp-01,Gas boiler,1184364.1269373228
2023,nz-2045_hp-01,Oil boiler,82741.78874410728
2023,nz-2045_hp-01,Electric storage heater,29921.493505291408
2023,nz-2045_hp-01,Electric resistance heater,134267.77175881396
2023,nz-2045_hp-01,Biomass boiler,3640.738310274238
2023,nz-2045_hp-01,Heat interface unit,64553.600462713825
2023,nz-2045_hp-01,Air-source HP,85703.03922990784
2023,nz-2045_hp-01,Ground-source HP,1486.0464919454969
2023,nz-2045_hp-01,H2 boiler,34.512351685934334
2023,nz-2045_hp-01,Building retrofit,11251.683930104751
2023,nz-2050_hp-00,Gas boiler,1251409.8418246296
2023,nz-2050_hp-00,Oil boiler,85543.39561500457
2023,nz-2050_hp-00,Electric storage heater,27637.003310675023
2023,nz-2050_hp-00,Electric resistance heater,107309.5488542525
2023,nz-2050_hp-00,Biomass boiler,1579.760601262476
2023,nz-2050_hp-00,Heat interface unit,65673.20190072001
2023,nz-2050_hp-00,Air-source HP,46980.78171286044
2023,nz-2050_hp-00,Ground-source HP,1486.0409491128735
2023,nz-2050_hp-00,H2 boiler,0.025770604955107402
2023,nz-2050_hp-00,Building retrofit,10345.17829222868
2023,nz-2050_hp-01,Gas boiler,1249887.0457395457
2023,nz-2050_hp-01,Oil boiler,82712.17440738076
2023,nz-2050_hp-01,Electric storage heater,25065.11546993374
2023,nz-2050_hp-01,Electric resistance heater,113669.3427134904
2023,nz-2050_hp-01,Biomass boiler,2310.100616313357
2023,nz-2050_hp-01,Heat interface unit,64505.73697698101
2023,nz-2050_hp-01,Air-source HP,46984.33585476092
2023,nz-2050_hp-01,Ground-source HP,1486.0399660954465
2023,nz-2050_hp-01,H2 boiler,0.013457909139873521
2023,nz-2050_hp-01,Building retrofit,11344.907707581995
2025,nz-2040_hp-00,Gas boiler,1178068.1059417392
2025,nz-2040_hp-00,Oil boiler,70779.24895000579
2025,nz-2040_hp-00,Electric storage heater,27224.163229192673
2025,nz-2040_hp-00,Electric resistance heater,97581.88942198073
2025,nz-2040_hp-00,Biomass boiler,5280.202799127539
2025,nz-2040_hp-00,Heat interface unit,17630.72595990837
2025,nz-2040_hp-00,Air-source HP,187668.86061677118
2025,nz-2040_hp-00,Ground-source HP,1188.7943593390962
2025,nz-2040_hp-00,H2 boiler,0.024929464066860644
2025,nz-2040_hp-00,Building retrofit,36170.28233103789
2025,nz-2040_hp-01,Gas boiler,1153450.3405751267
2025,nz-2040_hp-01,Oil boiler,65355.69694001433
2025,nz-2040_hp-01,Electric storage heater,27009.810044385984
2025,nz-2040_hp-01,Electric resistance heater,67005.2034138554
2025,nz-2040_hp-01,Biomass boiler,4532.704134876935
2025,nz-2040_hp-01,Heat interface unit,74555.38337908497
2025,nz-2040_hp-01,Air-source HP,193382.92460876054
2025,nz-2040_hp-01,Ground-source HP,1188.7883520012683
2025,nz-2040_hp-01,H2 boiler,0.013975789306355171
2025,nz-2040_hp-01,Building retrofit,35111.425062594455
2025,nz-2045_hp-00,Gas boiler,1136975.686005123
2025,nz-2045_hp-00,Oil boiler,63223.55018121625
2025,nz-2045_hp-00,Electric storage heater,27262.776904550665
2025,nz-2045_hp-00,Electric resistance heater,66177.34283944227
2025,nz-2045_hp-00,Biomass boiler,5199.655571694209
2025,nz-2045_hp-00,Heat interface unit,94007.74887727805
2025,nz-2045_hp-00,Air-source HP,191885.6241799622
2025,nz-2045_hp-00,Ground-source HP,1188.7911375621538
2025,nz-2045_hp-00,H2 boiler,0.016957728552473406
2025,nz-2045_hp-00,Building retrofit,35671.09889101678
2025,nz-2045_hp-01,Gas boiler,1033879.9850933952
2025,nz-2045_hp-01,Oil boiler,79372.83781692063
2025,nz-2045_hp-01,Electric storage heater,26100.729200443027
2025,nz-2045_hp-01,Electric resistance heater,120752.8261307046
2025,nz-2045_hp-01,Biomass boiler,4602.145960722009
2025,nz-2045_hp-01,Heat interface unit,110864.38888858398
2025,nz-2045_hp-01,Air-source HP,204693.41597758944
2025,nz-2045_hp-01,Ground-source HP,1795.9514268801233
2025,nz-2045_hp-01,H2 boiler,313.73336457190305
2025,nz-2045_hp-01,Building retrofit,39216.27612672275
2025,nz-2050_hp-00,Gas boiler,1183175.3455444728
2025,nz-2050_hp-00,Oil boiler,82967.63210108012
2025,nz-2050_hp-00,Electric storage heater,27009.786044541124
2025,nz-2050_hp-00,Electric resistance heater,113247.45597476108
2025,nz-2050_hp-00,Biomass boiler,3710.3546832179686
2025,nz-2050_hp-00,Heat interface unit,138139.3415446886
2025,nz-2050_hp-00,Air-source HP,37063.327323810256
2025,nz-2050_hp-00,Ground-source HP,1188.7830454081895
2025,nz-2050_hp-00,H2 boiler,0.028927723448898202
2025,nz-2050_hp-00,Building retrofit,35090.225829130206
2025,nz-2050_hp-01,Gas boiler,1166350.7283302932
2025,nz-2050_hp-01,Oil boiler,78156.15567095783
2025,nz-2050_hp-01,Electric storage heater,26404.17298982995
2025,nz-2050_hp-01,Electric resistance heater,133589.1511502619
2025,nz-2050_hp-01,Biomass boiler,4660.798737413218
2025,nz-2050_hp-01,Heat interface unit,131113.66646352934
2025,nz-2050_hp-01,Air-source HP,37061.70788590681
2025,nz-2050_hp-01,Ground-source HP,1188.7817095188402
2025,nz-2050_hp-01,H2 boiler,0.02246521677485592
2025,nz-2050_hp-01,Building retrofit,43067.10665572148
2030,nz-2040_hp-00,Gas boiler,1066325.188671592
2030,nz-2040_hp-00,Oil boiler,43722.07116639635
2030,nz-2040_hp-00,Electric storage heater,9203.679375713406
2030,nz-2040_hp-00,Electric resistance heater,41296.361760052874
2030,nz-2040_hp-00,Biomass boiler,2043.9039110066744
2030,nz-2040_hp-00,Heat interface unit,15014.732513900723
2030,nz-2040_hp-00,Air-source HP,392476.5520186412
2030,nz-2040_hp-00,Ground-source HP,764.1874860854521
2030,nz-2040_hp-00,H2 boiler,0.02198507075988269
2030,nz-2040_hp-00,Building retrofit,82812.13751457812
2030,nz-2040_hp-01,Gas boiler,981076.5696498781
2030,nz-2040_hp-01,Oil boiler,38816.90260427243
2030,nz-2040_hp-01,Electric storage heater,9691.586330839094
2030,nz-2040_hp-01,Electric resistance heater,9654.00404084094
2030,nz-2040_hp-01,Biomass boiler,1952.0010464786199
2030,nz-2040_hp-01,Heat interface unit,73678.57650819654
2030,nz-2040_hp-01,Air-source HP,458123.88254659367
2030,nz-2040_hp-01,Ground-source HP,764.1724415587764
2030,nz-2040_hp-01,H2 boiler,0.014760917518718851
2030,nz-2040_hp-01,Building retrofit,79901.11521154005
2030,nz-2045_hp-00,Gas boiler,1005823.3219782949
2030,nz-2045_hp-00,Oil boiler,36381.908092854486
2030,nz-2045_hp-00,Electric storage heater,10448.683746960234
2030,nz-2045_hp-00,Electric resistance heater,17331.05126362619
2030,nz-2045_hp-00,Biomass boiler,2186.1075627404125
2030,nz-2045_hp-00,Heat interface unit,103764.19994163609
2030,nz-2045_hp-00,Air-source HP,394108.7794941157
2030,nz-2045_hp-00,Ground-source HP,764.1761286899205
2030,nz-2045_hp-00,H2 boiler,0.01683757483050741
2030,nz-2045_hp-00,Building retrofit,82850.58131705869
2030,nz-2045_hp-01,Gas boiler,759120.6613935311
2030,nz-2045_hp-01,Oil boiler,48163.876356228226
2030,nz-2045_hp-01,Electric storage heater,9373.816194163426
2030,nz-2045_hp-01,Electric resistance heater,89931.14652954321
2030,nz-2045_hp-01,Biomass boiler,3057.4252969243794
2030,nz-2045_hp-01,Heat interface unit,138530.85668017963
2030,nz-2045_hp-01,Air-source HP,494711.7023239726
2030,nz-2045_hp-01,Ground-source HP,17175.77946493468
2030,nz-2045_hp-01,H2 boiler,476.31472416326585
2030,nz-2045_hp-01,Building retrofit,93117.24288757208
2030,nz-2050_hp-00,Gas boiler,1123419.4538927574
2030,nz-2050_hp-00,Oil boiler,86924.5105006096
2030,nz-2050_hp-00,Electric storage heater,10015.883565485074
2030,nz-2050_hp-00,Electric resistance heater,93381.40310158138
2030,nz-2050_hp-00,Biomass boiler,2487.4239388236792
2030,nz-2050_hp-00,Heat interface unit,223508.45977137974
2030,nz-2050_hp-00,Air-source HP,29831.28580881079
2030,nz-2050_hp-00,Ground-source HP,764.1668406055512
2030,nz-2050_hp-00,H2 boiler,0.03044509170932961
2030,nz-2050_hp-00,Building retrofit,83326.19439294652
2030,nz-2050_hp-01,Gas boiler,1111497.2901194952
2030,nz-2050_hp-01,Oil boiler,30595.36873974092
2030,nz-2050_hp-01,Electric storage heater,10191.263573885271
2030,nz-2050_hp-01,Electric resistance heater,131816.91865931288
2030,nz-2050_hp-01,Biomass boiler,1671.7838968108326
2030,nz-2050_hp-01,Heat interface unit,211454.72100351483
2030,nz-2050_hp-01,Air-source HP,52260.15291996226
2030,nz-2050_hp-01,Ground-source HP,764.1748211025582
2030,nz-2050_hp-01,H2 boiler,0.016725725212045964
2030,nz-2050_hp-01,Building retrofit,103407.13673052196
2035,nz-2040_hp-00,Gas boiler,746691.6519132283
2035,nz-2040_hp-00,Oil boiler,21434.17620141271
2035,nz-2040_hp-00,Electric storage heater,267.7454178178224
2035,nz-2040_hp-00,Electric resistance heater,5516.089469954162
2035,nz-2040_hp-00,Biomass boiler,354.8865702774867
2035,nz-2040_hp-00,Heat interface unit,12065.032439502498
2035,nz-2040_hp-00,Air-source HP,806218.0929863706
2035,nz-2040_hp-00,Ground-source HP,408.33986298710687
2035,nz-2040_hp-00,H2 boiler,204.79351126005358
2035,nz-2040_hp-00,Building retrofit,90626.04211223619
2035,nz-2040_hp-01,Gas boiler,663184.7578143101
2035,nz-2040_hp-01,Oil boiler,17866.3724176398
2035,nz-2040_hp-01,Electric storage heater,405.4994200002509
2035,nz-2040_hp-01,Electric resistance heater,1622.217947941022
2035,nz-2040_hp-01,Biomass boiler,883.513146771184
2035,nz-2040_hp-01,Heat interface unit,74251.68151406349
2035,nz-2040_hp-01,Air-source HP,828169.5470300438
2035,nz-2040_hp-01,Ground-source HP,341.01449387326977
2035,nz-2040_hp-01,H2 boiler,4980.3111351695725
2035,nz-2040_hp-01,Building retrofit,92081.91852439757
2035,nz-2045_hp-00,Gas boiler,687065.1780885846
2035,nz-2045_hp-00,Oil boiler,15723.138939120092
2035,nz-2045_hp-00,Electric storage heater,328.87348316506905
2035,nz-2045_hp-00,Electric resistance heater,1085.0723524581897
2035,nz-2045_hp-00,Biomass boiler,574.8084976641892
2035,nz-2045_hp-00,Heat interface unit,116423.18816836897
2035,nz-2045_hp-00,Air-source HP,771685.6977534184
2035,nz-2045_hp-00,Ground-source HP,393.1204934521774
2035,nz-2045_hp-00,H2 boiler,28.91682161473229
2035,nz-2045_hp-00,Building retrofit,90478.84409332425
2035,nz-2045_hp-01,Gas boiler,510214.2226854843
2035,nz-2045_hp-01,Oil boiler,8093.851323020682
2035,nz-2045_hp-01,Electric storage heater,342.83781744737024
2035,nz-2045_hp-01,Electric resistance heater,65394.37364459077
2035,nz-2045_hp-01,Biomass boiler,714.9717176302412
2035,nz-2045_hp-01,Heat interface unit,135180.76631040033
2035,nz-2045_hp-01,Air-source HP,834866.6184014989
2035,nz-2045_hp-01,Ground-source HP,28425.363590587585
2035,nz-2045_hp-01,H2 boiler,277.27706321524863
2035,nz-2045_hp-01,Building retrofit,100276.55093294391
2035,nz-2050_hp-00,Gas boiler,1074235.0866734681
2035,nz-2050_hp-00,Oil boiler,88700.36926857475
2035,nz-2050_hp-00,Electric storage heater,168.16764240613674
2035,nz-2050_hp-00,Electric resistance heater,119358.38719343302
2035,nz-2050_hp-00,Biomass boiler,1154.4760621066375
2035,nz-2050_hp-00,Heat interface unit,290351.44191512075
2035,nz-2050_hp-00,Air-source HP,19161.717987224787
2035,nz-2050_hp-00,Ground-source HP,339.7352766853713
2035,nz-2050_hp-00,H2 boiler,0.03301430580221947
2035,nz-2050_hp-00,Building retrofit,90317.4041396352
2035,nz-2050_hp-01,Gas boiler,833335.4594432537
2035,nz-2050_hp-01,Oil boiler,23611.077141340305
2035,nz-2050_hp-01,Electric storage heater,595.9332106157925
2035,nz-2050_hp-01,Electric resistance heater,294815.86418339226
2035,nz-2050_hp-01,Biomass boiler,2492.5896833784054
2035,nz-2050_hp-01,Heat interface unit,317104.11298826773
2035,nz-2050_hp-01,Air-source HP,91108.8418763777
2035,nz-2050_hp-01,Ground-source HP,339.7518015864668
2035,nz-2050_hp-01,H2 boiler,248.66303775742742
2035,nz-2050_hp-01,Building retrofit,120134.53804393581
2040,nz-2040_hp-00,Gas boiler,303499.472162508
2040,nz-2040_hp-00,Oil boiler,184.0333766371781
2040,nz-2040_hp-00,Electric storage heater,0.025683270866193975
2040,nz-2040_hp-00,Electric resistance heater,26157.592325362693
2040,nz-2040_hp-00,Biomass boiler,143.9894590763429
2040,nz-2040_hp-00,Heat interface unit,11395.03108908829
2040,nz-2040_hp-00,Air-source HP,1195321.2552485878
2040,nz-2040_hp-00,Ground-source HP,61622.611627759354
2040,nz-2040_hp-00,H2 boiler,7505.7147211303445
2040,nz-2040_hp-00,Building retrofit,104928.83623889892
2040,nz-2040_hp-01,Gas boiler,228405.69314297018
2040,nz-2040_hp-01,Oil boiler,180.9388641974085
2040,nz-2040_hp-01,Electric storage heater,0.005837465132609665
2040,nz-2040_hp-01,Electric resistance heater,20.240838628943163
2040,nz-2040_hp-01,Biomass boiler,47.14295054726886
2040,nz-2040_hp-01,Heat interface unit,71775.49836190238
2040,nz-2040_hp-01,Air-source HP,1141576.974802932
2040,nz-2040_hp-01,Ground-source HP,38123.67317342047
2040,nz-2040_hp-01,H2 boiler,205393.5989484677
2040,nz-2040_hp-01,Building retrofit,100256.03860847704
2040,nz-2045_hp-00,Gas boiler,281681.08941178257
2040,nz-2045_hp-00,Oil boiler,183.4482732019076
2040,nz-2045_hp-00,Electric storage heater,0.010021243248581599
2040,nz-2045_hp-00,Electric resistance heater,5706.569741553762
2040,nz-2045_hp-00,Biomass boiler,50.28087936771553
2040,nz-2045_hp-00,Heat interface unit,147731.35323335775
2040,nz-2045_hp-00,Air-source HP,1118996.2618925206
2040,nz-2045_hp-00,Ground-source HP,55448.43569130361
2040,nz-2045_hp-00,H2 boiler,2596.5552833439656
2040,nz-2045_hp-00,Building retrofit,98364.55165739472
2040,nz-2045_hp-01,Gas boiler,221293.55665659858
2040,nz-2045_hp-01,Oil boiler,113.54507831195383
2040,nz-2045_hp-01,Electric storage heater,0.010159031588849279
2040,nz-2045_hp-01,Electric resistance heater,29122.19133303747
2040,nz-2045_hp-01,Biomass boiler,221.0683538992088
2040,nz-2045_hp-01,Heat interface unit,138792.2502385232
2040,nz-2045_hp-01,Air-source HP,1163627.272741747
2040,nz-2045_hp-01,Ground-source HP,51895.95677042558
2040,nz-2045_hp-01,H2 boiler,1468.8123635534237
2040,nz-2045_hp-01,Building retrofit,104223.88786640309
2040,nz-2050_hp-00,Gas boiler,979060.376213384
2040,nz-2050_hp-00,Oil boiler,186461.85302158108
2040,nz-2050_hp-00,Electric storage heater,0.00040607957171041973
2040,nz-2050_hp-00,Electric resistance heater,126719.30199687585
2040,nz-2050_hp-00,Biomass boiler,263.16867074784466
2040,nz-2050_hp-00,Heat interface unit,315929.8996797733
2040,nz-2050_hp-00,Air-source HP,11868.119931627016
2040,nz-2050_hp-00,Ground-source HP,16.374194910133813
2040,nz-2050_hp-00,H2 boiler,0.018479993672541203
2040,nz-2050_hp-00,Building retrofit,90439.42652177601
2040,nz-2050_hp-01,Gas boiler,403463.1104789818
2040,nz-2050_hp-01,Oil boiler,118.29297453137089
2040,nz-2050_hp-01,Electric storage heater,0.023083145160731556
2040,nz-2050_hp-01,Electric resistance heater,523421.45138949045
2040,nz-2050_hp-01,Biomass boiler,909.019377885236
2040,nz-2050_hp-01,Heat interface unit,512802.95902030135
2040,nz-2050_hp-01,Air-source HP,144897.54929642618
2040,nz-2050_hp-01,Ground-source HP,16.395438109752714
2040,nz-2050_hp-01,H2 boiler,2765.2648028398003
2040,nz-2050_hp-01,Building retrofit,122364.48743615649
2045,nz-2040_hp-00,Gas boiler,0.0
2045,nz-2040_hp-00,Oil boiler,0.0
2045,nz-2040_hp-00,Electric storage heater,0.03942418993564544
2045,nz-2040_hp-00,Electric resistance heater,116486.54114561251
2045,nz-2040_hp-00,Biomass boiler,254.42438407719223
2045,nz-2040_hp-00,Heat interface unit,8920.007903977916
2045,nz-2040_hp-00,Air-source HP,1344345.4511076354
2045,nz-2040_hp-00,Ground-source HP,143750.44777332144
2045,nz-2040_hp-00,H2 boiler,9392.257538408452
2045,nz-2040_hp-00,Building retrofit,113991.99619237696
2045,nz-2040_hp-01,Gas boiler,0.0
2045,nz-2040_hp-01,Oil boiler,0.0
2045,nz-2040_hp-01,Electric storage heater,0.008342919474662997
2045,nz-2040_hp-01,Electric resistance heater,715.909856462559
2045,nz-2040_hp-01,Biomass boiler,0.00492930460744983
2045,nz-2040_hp-01,Heat interface unit,51771.49815760713
2045,nz-2040_hp-01,Air-source HP,1233181.9345135118
2045,nz-2040_hp-01,Ground-source HP,60591.061760869496
2045,nz-2040_hp-01,H2 boiler,295422.21172651433
2045,nz-2040_hp-01,Building retrofit,112445.41133017745
2045,nz-2045_hp-00,Gas boiler,0.0
2045,nz-2045_hp-00,Oil boiler,0.0
2045,nz-2045_hp-00,Electric storage heater,0.014520384153928801
2045,nz-2045_hp-00,Electric resistance heater,23603.37425512367
2045,nz-2045_hp-00,Biomass boiler,218.038634782935
2045,nz-2045_hp-00,Heat interface unit,153348.8926645341
2045,nz-2045_hp-00,Air-source HP,1277317.24919164
2045,nz-2045_hp-00,Ground-source HP,168040.22005842865
2045,nz-2045_hp-00,H2 boiler,4663.3195147207025
2045,nz-2045_hp-00,Building retrofit,109950.04656055685
2045,nz-2045_hp-01,Gas boiler,0.0
2045,nz-2045_hp-01,Oil boiler,0.0
2045,nz-2045_hp-01,Electric storage heater,0.013892379864767015
2045,nz-2045_hp-01,Electric resistance heater,37824.21226108987
2045,nz-2045_hp-01,Biomass boiler,216.2486698050439
2045,nz-2045_hp-01,Heat interface unit,142369.5545740507
2045,nz-2045_hp-01,Air-source HP,1280608.9960475792
2045,nz-2045_hp-01,Ground-source HP,160151.531745806
2045,nz-2045_hp-01,H2 boiler,3434.460735340834
2045,nz-2045_hp-01,Building retrofit,112536.13354858987
2045,nz-2050_hp-00,Gas boiler,907285.6491642857
2045,nz-2050_hp-00,Oil boiler,269073.31245508883
2045,nz-2050_hp-00,Electric storage heater,0.0004717098555920451
2045,nz-2050_hp-00,Electric resistance heater,116119.89298298482
2045,nz-2050_hp-00,Biomass boiler,218.9529496986534
2045,nz-2050_hp-00,Heat interface unit,328802.10566089273
2045,nz-2050_hp-00,Air-source HP,25158.538188247803
2045,nz-2050_hp-00,Ground-source HP,0.0005004047621469927
2045,nz-2050_hp-00,H2 boiler,0.02061127115724201
2045,nz-2050_hp-00,Building retrofit,90482.66646869718
2045,nz-2050_hp-01,Gas boiler,0.0
2045,nz-2050_hp-01,Oil boiler,0.0
2045,nz-2050_hp-01,Electric storage heater,0.03032257618640962
2045,nz-2050_hp-01,Electric resistance heater,807810.703370552
2045,nz-2050_hp-01,Biomass boiler,4355.509581883278
2045,nz-2050_hp-01,Heat interface unit,588922.6044667804
2045,nz-2050_hp-01,Air-source HP,206537.31903861905
2045,nz-2050_hp-01,Ground-source HP,2045.7706156456773
2045,nz-2050_hp-01,H2 boiler,2782.839826948056
2045,nz-2050_hp-01,Building retrofit,124686.3750312633
2050,nz-2040_hp-00,Gas boiler,0.0
2050,nz-2040_hp-00,Oil boiler,0.0
2050,nz-2040_hp-00,Electric storage heater,0.057968933443331504
2050,nz-2040_hp-00,Electric resistance heater,128143.65383915452
2050,nz-2040_hp-00,Biomass boiler,254.43482914575378
2050,nz-2040_hp-00,Heat interface unit,5512.105560010582
2050,nz-2040_hp-00,Air-source HP,1365254.8606336468
2050,nz-2040_hp-00,Ground-source HP,144058.09217638534
2050,nz-2040_hp-00,H2 boiler,6133.393820187888
2050,nz-2040_hp-00,Building retrofit,115251.3984421292
2050,nz-2040_hp-01,Gas boiler,0.0
2050,nz-2040_hp-01,Oil boiler,0.0
2050,nz-2040_hp-01,Electric storage heater,0.009545134876737266
2050,nz-2040_hp-01,Electric resistance heater,896.4130263793977
2050,nz-2040_hp-01,Biomass boiler,0.0055872771513403585
2050,nz-2040_hp-01,Heat interface unit,48726.4597898003
2050,nz-2040_hp-01,Air-source HP,1238061.9804353155
2050,nz-2040_hp-01,Ground-source HP,63265.0865747798
2050,nz-2040_hp-01,H2 boiler,352921.58493827697
2050,nz-2040_hp-01,Building retrofit,113824.29877326744
2050,nz-2045_hp-00,Gas boiler,0.0
2050,nz-2045_hp-00,Oil boiler,0.0
2050,nz-2045_hp-00,Electric storage heater,0.023130229339375752
2050,nz-2045_hp-00,Electric resistance heater,28659.119540106003
2050,nz-2045_hp-00,Biomass boiler,217.9002443628509
2050,nz-2045_hp-00,Heat interface unit,146609.2608339796
2050,nz-2045_hp-00,Air-source HP,1303471.0688699596
2050,nz-2045_hp-00,Ground-source HP,169839.41140477636
2050,nz-2045_hp-00,H2 boiler,2924.6827288024306
2050,nz-2045_hp-00,Building retrofit,112886.52205509109
2050,nz-2045_hp-01,Gas boiler,0.0
2050,nz-2045_hp-01,Oil boiler,0.0
2050,nz-2045_hp-01,Electric storage heater,0.018344057663335203
2050,nz-2045_hp-01,Electric resistance heater,40664.62011737328
2050,nz-2045_hp-01,Biomass boiler,213.66217576257228
2050,nz-2045_hp-01,Heat interface unit,129831.94619925432
2050,nz-2045_hp-01,Air-source HP,1313619.5828049558
2050,nz-2045_hp-01,Ground-source HP,163761.10642604475
2050,nz-2045_hp-01,H2 boiler,2359.4778933880193
2050,nz-2045_hp-01,Building retrofit,114157.57136394197
2050,nz-2050_hp-00,Gas boiler,803442.3131190691
2050,nz-2050_hp-00,Oil boiler,377626.0864239783
2050,nz-2050_hp-00,Electric storage heater,0.0005235847748523638
2050,nz-2050_hp-00,Electric resistance heater,109123.25348664798
2050,nz-2050_hp-00,Biomass boiler,125.03663537295564
2050,nz-2050_hp-00,Heat interface unit,341936.3106237828
2050,nz-2050_hp-00,Air-source HP,41679.496801974485
2050,nz-2050_hp-00,Ground-source HP,0.0006539491498978294
2050,nz-2050_hp-00,H2 boiler,0.01988828168847365
2050,nz-2050_hp-00,Building retrofit,90675.45264121098
2050,nz-2050_hp-01,Gas boiler,0.0
2050,nz-2050_hp-01,Oil boiler,0.0
2050,nz-2050_hp-01,Electric storage heater,0.03454573326665993
2050,nz-2050_hp-01,Electric resistance heater,818929.6651921987
2050,nz-2050_hp-01,Biomass boiler,5094.045635458704
2050,nz-2050_hp-01,Heat interface unit,595293.8593234892
2050,nz-2050_hp-01,Air-source HP,215557.50187922487
2050,nz-2050_hp-01,Ground-source HP,2045.7657080871338
2050,nz-2050_hp-01,H2 boiler,2232.964079111787
2050,nz-2050_hp-01,Building retrofit,125454.14968235184
2055,nz-2040_hp-00,Gas boiler,0.0
2055,nz-2040_hp-00,Oil boiler,0.0
2055,nz-2040_hp-00,Electric storage heater,0.061956854323443486
2055,nz-2040_hp-00,Electric resistance heater,151356.36192167317
2055,nz-2040_hp-00,Biomass boiler,255.33027385738788
2055,nz-2040_hp-00,Heat interface unit,4556.635838534821
2055,nz-2040_hp-00,Air-source HP,1370711.2140130862
2055,nz-2040_hp-00,Ground-source HP,144060.89121609446
2055,nz-2040_hp-00,H2 boiler,4864.993439580984
2055,nz-2040_hp-00,Building retrofit,117113.66499255053
2055,nz-2040_hp-01,Gas boiler,0.0
2055,nz-2040_hp-01,Oil boiler,0.0
2055,nz-2040_hp-01,Electric storage heater,0.011454108462432505
2055,nz-2040_hp-01,Electric resistance heater,1652.3300774261108
2055,nz-2040_hp-01,Biomass boiler,0.007497147513644582
2055,nz-2040_hp-01,Heat interface unit,54615.849285493656
2055,nz-2040_hp-01,Air-source HP,1245995.2926448872
2055,nz-2040_hp-01,Ground-source HP,63269.23535547407
2055,nz-2040_hp-01,H2 boiler,358583.8160029089
2055,nz-2040_hp-01,Building retrofit,116941.43291733577
2055,nz-2045_hp-00,Gas boiler,0.0
2055,nz-2045_hp-00,Oil boiler,0.0
2055,nz-2045_hp-00,Electric storage heater,0.028647238381715873
2055,nz-2045_hp-00,Electric resistance heater,48894.703548025725
2055,nz-2045_hp-00,Biomass boiler,218.072647076367
2055,nz-2045_hp-00,Heat interface unit,169965.79020300193
2055,nz-2045_hp-00,Air-source HP,1286298.0152837967
2055,nz-2045_hp-00,Ground-source HP,169787.05406940973
2055,nz-2045_hp-00,H2 boiler,2229.94296234089
2055,nz-2045_hp-00,Building retrofit,115525.53619432071
2055,nz-2045_hp-01,Gas boiler,0.0
2055,nz-2045_hp-01,Oil boiler,0.0
2055,nz-2045_hp-01,Electric storage heater,0.02288415485232175
2055,nz-2045_hp-01,Electric resistance heater,61345.92796620364
2055,nz-2045_hp-01,Biomass boiler,368.95501577249127
2055,nz-2045_hp-01,Heat interface unit,164226.02669632892
2055,nz-2045_hp-01,Air-source HP,1292338.0492127049
2055,nz-2045_hp-01,Ground-source HP,156377.10674363002
2055,nz-2045_hp-01,H2 boiler,1877.9018865801768
2055,nz-2045_hp-01,Building retrofit,116385.14939923128
2055,nz-2050_hp-00,Gas boiler,799029.5647397927
2055,nz-2050_hp-00,Oil boiler,395377.9571897222
2055,nz-2050_hp-00,Electric storage heater,0.0005068936759726752
2055,nz-2050_hp-00,Electric resistance heater,113599.79235730186
2055,nz-2050_hp-00,Biomass boiler,66.7657911977946
2055,nz-2050_hp-00,Heat interface unit,352400.68078348064
2055,nz-2050_hp-00,Air-source HP,41558.962401191675
2055,nz-2050_hp-00,Ground-source HP,0.0008353975743730832
2055,nz-2050_hp-00,H2 boiler,0.020235383263154036
2055,nz-2050_hp-00,Building retrofit,90885.38230452505
2055,nz-2050_hp-01,Gas boiler,0.0
2055,nz-2050_hp-01,Oil boiler,0.0
2055,nz-2050_hp-01,Electric storage heater,0.034269603914668094
2055,nz-2050_hp-01,Electric resistance heater,818209.1573307116
2055,nz-2050_hp-01,Biomass boiler,5145.77683877185
2055,nz-2050_hp-01,Heat interface unit,596266.954223783
2055,nz-2050_hp-01,Air-source HP,242559.86947123992
2055,nz-2050_hp-01,Ground-source HP,2880.3666805699695
2055,nz-2050_hp-01,H2 boiler,2240.7624831688413
2055,nz-2050_hp-01,Building retrofit,125616.22281160249
